{"FbVPXbSjnJYdr+UqN+jZzQ==":"s-l1600-1600x1143.jpg","jX/v7DGjWFidoPBGTkW4Nw==":"push-pin-122x122.jpg","PNwQRrOLMuga3joYvYQNUw==":"85-850289_pin-navy-blue-blue-push-pin-png-122x84.png","BdDx+cdQVLQbqk+s//jyBA==":"blue-push-pin-icon-realistic-style-vector-7804599-176x190.jpg","Kw8sSbZ7Y8D+q1vGv6XgCQ==":"pushpin-google-md-112x106.png","YrTe7HkzAKYEfcAUJJh2GA==":"mbr-848x565.jpg","DL2lGWW4bgAeiGFrSvgDZg==":"giphy.gif","XQJDMvlGndq8gu2X7VKmdw==":"soulfulvelvetycollardlizard-small.gif","vcZoJE+8Bc0P5zglKc9B/g==":"motallogo-128x108.png","Xtn+XWjMQEvpoxF06MrI6Q==":"ezgif.com-gif-maker.gif","LY1D6b7Va+hIKrWK95Mx3g==":"motallogo-102x86.png"}